index,image,text,label
0,aeroplane/2008_000716.jpg,aeroplane/2008_000716txt,1
1,aeroplane/2008_001227.jpg,aeroplane/2008_001227txt,1
2,aeroplane/2008_001380.jpg,aeroplane/2008_001380txt,1
3,aeroplane/2008_001448.jpg,aeroplane/2008_001448txt,1
4,aeroplane/2008_001468.jpg,aeroplane/2008_001468txt,1
5,aeroplane/2008_001801.jpg,aeroplane/2008_001801txt,1
6,aeroplane/2008_001971.jpg,aeroplane/2008_001971txt,1
7,aeroplane/2008_001985.jpg,aeroplane/2008_001985txt,1
8,aeroplane/2008_002358.jpg,aeroplane/2008_002358txt,1
9,aeroplane/2008_002454.jpg,aeroplane/2008_002454txt,1
10,aeroplane/2008_003275.jpg,aeroplane/2008_003275txt,1
11,aeroplane/2008_003369.jpg,aeroplane/2008_003369txt,1
12,aeroplane/2008_003575.jpg,aeroplane/2008_003575txt,1
13,aeroplane/2008_003655.jpg,aeroplane/2008_003655txt,1
14,aeroplane/2008_003703.jpg,aeroplane/2008_003703txt,1
15,aeroplane/2008_003788.jpg,aeroplane/2008_003788txt,1
16,aeroplane/2008_003905.jpg,aeroplane/2008_003905txt,1
17,aeroplane/2008_004165.jpg,aeroplane/2008_004165txt,1
18,aeroplane/2008_004348.jpg,aeroplane/2008_004348txt,1
19,aeroplane/2008_004532.jpg,aeroplane/2008_004532txt,1
20,aeroplane/2008_005538.jpg,aeroplane/2008_005538txt,1
21,aeroplane/2008_005905.jpg,aeroplane/2008_005905txt,1
22,aeroplane/2008_005907.jpg,aeroplane/2008_005907txt,1
23,aeroplane/2008_005916.jpg,aeroplane/2008_005916txt,1
24,aeroplane/2008_006401.jpg,aeroplane/2008_006401txt,1
25,aeroplane/2008_006548.jpg,aeroplane/2008_006548txt,1
26,aeroplane/2008_006619.jpg,aeroplane/2008_006619txt,1
27,aeroplane/2008_006621.jpg,aeroplane/2008_006621txt,1
28,aeroplane/2008_006623.jpg,aeroplane/2008_006623txt,1
29,aeroplane/2008_006700.jpg,aeroplane/2008_006700txt,1
30,aeroplane/2008_006933.jpg,aeroplane/2008_006933txt,1
31,aeroplane/2008_007095.jpg,aeroplane/2008_007095txt,1
32,aeroplane/2008_007442.jpg,aeroplane/2008_007442txt,1
33,aeroplane/2008_007504.jpg,aeroplane/2008_007504txt,1
34,aeroplane/2008_007507.jpg,aeroplane/2008_007507txt,1
35,aeroplane/2008_007629.jpg,aeroplane/2008_007629txt,1
36,aeroplane/2008_008044.jpg,aeroplane/2008_008044txt,1
37,aeroplane/2008_008048.jpg,aeroplane/2008_008048txt,1
38,aeroplane/2008_008096.jpg,aeroplane/2008_008096txt,1
39,aeroplane/2008_008146.jpg,aeroplane/2008_008146txt,1
40,aeroplane/2008_008231.jpg,aeroplane/2008_008231txt,1
41,aeroplane/2008_008247.jpg,aeroplane/2008_008247txt,1
42,aeroplane/2008_008344.jpg,aeroplane/2008_008344txt,1
43,aeroplane/2008_008373.jpg,aeroplane/2008_008373txt,1
44,aeroplane/2008_008424.jpg,aeroplane/2008_008424txt,1
45,aeroplane/2008_008432.jpg,aeroplane/2008_008432txt,1
46,aeroplane/2008_008446.jpg,aeroplane/2008_008446txt,1
47,aeroplane/2008_008471.jpg,aeroplane/2008_008471txt,1
48,aeroplane/2008_008501.jpg,aeroplane/2008_008501txt,1
49,aeroplane/2008_008546.jpg,aeroplane/2008_008546txt,1
50,bicycle/2008_000090.jpg,bicycle/2008_000090txt,2
51,bicycle/2008_000725.jpg,bicycle/2008_000725txt,2
52,bicycle/2008_001226.jpg,bicycle/2008_001226txt,2
53,bicycle/2008_001402.jpg,bicycle/2008_001402txt,2
54,bicycle/2008_001523.jpg,bicycle/2008_001523txt,2
55,bicycle/2008_001626.jpg,bicycle/2008_001626txt,2
56,bicycle/2008_002129.jpg,bicycle/2008_002129txt,2
57,bicycle/2008_002679.jpg,bicycle/2008_002679txt,2
58,bicycle/2008_002894.jpg,bicycle/2008_002894txt,2
59,bicycle/2008_003072.jpg,bicycle/2008_003072txt,2
60,bicycle/2008_003140.jpg,bicycle/2008_003140txt,2
61,bicycle/2008_003351.jpg,bicycle/2008_003351txt,2
62,bicycle/2008_003617.jpg,bicycle/2008_003617txt,2
63,bicycle/2008_003819.jpg,bicycle/2008_003819txt,2
64,bicycle/2008_004113.jpg,bicycle/2008_004113txt,2
65,bicycle/2008_004363.jpg,bicycle/2008_004363txt,2
66,bicycle/2008_004441.jpg,bicycle/2008_004441txt,2
67,bicycle/2008_004592.jpg,bicycle/2008_004592txt,2
68,bicycle/2008_004603.jpg,bicycle/2008_004603txt,2
69,bicycle/2008_004654.jpg,bicycle/2008_004654txt,2
70,bicycle/2008_004656.jpg,bicycle/2008_004656txt,2
71,bicycle/2008_004995.jpg,bicycle/2008_004995txt,2
72,bicycle/2008_005175.jpg,bicycle/2008_005175txt,2
73,bicycle/2008_005276.jpg,bicycle/2008_005276txt,2
74,bicycle/2008_006064.jpg,bicycle/2008_006064txt,2
75,bicycle/2008_006154.jpg,bicycle/2008_006154txt,2
76,bicycle/2008_006234.jpg,bicycle/2008_006234txt,2
77,bicycle/2008_006254.jpg,bicycle/2008_006254txt,2
78,bicycle/2008_006467.jpg,bicycle/2008_006467txt,2
79,bicycle/2008_007067.jpg,bicycle/2008_007067txt,2
80,bicycle/2008_007103.jpg,bicycle/2008_007103txt,2
81,bicycle/2008_007222.jpg,bicycle/2008_007222txt,2
82,bicycle/2008_007421.jpg,bicycle/2008_007421txt,2
83,bicycle/2008_007470.jpg,bicycle/2008_007470txt,2
84,bicycle/2008_007719.jpg,bicycle/2008_007719txt,2
85,bicycle/2008_007935.jpg,bicycle/2008_007935txt,2
86,bicycle/2008_007993.jpg,bicycle/2008_007993txt,2
87,bicycle/2008_008097.jpg,bicycle/2008_008097txt,2
88,bicycle/2008_008131.jpg,bicycle/2008_008131txt,2
89,bicycle/2008_008320.jpg,bicycle/2008_008320txt,2
90,bicycle/2008_008368.jpg,bicycle/2008_008368txt,2
91,bicycle/2008_008528.jpg,bicycle/2008_008528txt,2
92,bicycle/2008_008572.jpg,bicycle/2008_008572txt,2
93,bicycle/2008_008619.jpg,bicycle/2008_008619txt,2
94,bicycle/2008_008671.jpg,bicycle/2008_008671txt,2
95,bicycle/2008_008708.jpg,bicycle/2008_008708txt,2
96,bicycle/2008_008718.jpg,bicycle/2008_008718txt,2
97,bicycle/2008_008725.jpg,bicycle/2008_008725txt,2
98,bicycle/2008_008753.jpg,bicycle/2008_008753txt,2
99,bicycle/2008_008755.jpg,bicycle/2008_008755txt,2
100,bird/2008_000095.jpg,bird/2008_000095txt,3
101,bird/2008_001020.jpg,bird/2008_001020txt,3
102,bird/2008_001673.jpg,bird/2008_001673txt,3
103,bird/2008_001829.jpg,bird/2008_001829txt,3
104,bird/2008_002399.jpg,bird/2008_002399txt,3
105,bird/2008_002471.jpg,bird/2008_002471txt,3
106,bird/2008_002970.jpg,bird/2008_002970txt,3
107,bird/2008_003087.jpg,bird/2008_003087txt,3
108,bird/2008_003160.jpg,bird/2008_003160txt,3
109,bird/2008_003222.jpg,bird/2008_003222txt,3
110,bird/2008_003232.jpg,bird/2008_003232txt,3
111,bird/2008_003484.jpg,bird/2008_003484txt,3
112,bird/2008_003580.jpg,bird/2008_003580txt,3
113,bird/2008_003997.jpg,bird/2008_003997txt,3
114,bird/2008_004087.jpg,bird/2008_004087txt,3
115,bird/2008_004362.jpg,bird/2008_004362txt,3
116,bird/2008_004452.jpg,bird/2008_004452txt,3
117,bird/2008_004551.jpg,bird/2008_004551txt,3
118,bird/2008_004689.jpg,bird/2008_004689txt,3
119,bird/2008_004783.jpg,bird/2008_004783txt,3
120,bird/2008_004805.jpg,bird/2008_004805txt,3
121,bird/2008_004973.jpg,bird/2008_004973txt,3
122,bird/2008_005186.jpg,bird/2008_005186txt,3
123,bird/2008_005208.jpg,bird/2008_005208txt,3
124,bird/2008_005279.jpg,bird/2008_005279txt,3
125,bird/2008_005757.jpg,bird/2008_005757txt,3
126,bird/2008_005774.jpg,bird/2008_005774txt,3
127,bird/2008_005924.jpg,bird/2008_005924txt,3
128,bird/2008_006186.jpg,bird/2008_006186txt,3
129,bird/2008_006281.jpg,bird/2008_006281txt,3
130,bird/2008_006667.jpg,bird/2008_006667txt,3
131,bird/2008_006924.jpg,bird/2008_006924txt,3
132,bird/2008_007003.jpg,bird/2008_007003txt,3
133,bird/2008_007205.jpg,bird/2008_007205txt,3
134,bird/2008_007317.jpg,bird/2008_007317txt,3
135,bird/2008_007498.jpg,bird/2008_007498txt,3
136,bird/2008_007587.jpg,bird/2008_007587txt,3
137,bird/2008_007752.jpg,bird/2008_007752txt,3
138,bird/2008_007839.jpg,bird/2008_007839txt,3
139,bird/2008_007854.jpg,bird/2008_007854txt,3
140,bird/2008_007948.jpg,bird/2008_007948txt,3
141,bird/2008_008002.jpg,bird/2008_008002txt,3
142,bird/2008_008185.jpg,bird/2008_008185txt,3
143,bird/2008_008194.jpg,bird/2008_008194txt,3
144,bird/2008_008347.jpg,bird/2008_008347txt,3
145,bird/2008_008354.jpg,bird/2008_008354txt,3
146,bird/2008_008376.jpg,bird/2008_008376txt,3
147,bird/2008_008404.jpg,bird/2008_008404txt,3
148,bird/2008_008461.jpg,bird/2008_008461txt,3
149,bird/2008_008490.jpg,bird/2008_008490txt,3
150,boat/2008_000195.jpg,boat/2008_000195txt,4
151,boat/2008_000405.jpg,boat/2008_000405txt,4
152,boat/2008_000437.jpg,boat/2008_000437txt,4
153,boat/2008_001041.jpg,boat/2008_001041txt,4
154,boat/2008_001135.jpg,boat/2008_001135txt,4
155,boat/2008_001160.jpg,boat/2008_001160txt,4
156,boat/2008_001202.jpg,boat/2008_001202txt,4
157,boat/2008_001799.jpg,boat/2008_001799txt,4
158,boat/2008_001858.jpg,boat/2008_001858txt,4
159,boat/2008_002482.jpg,boat/2008_002482txt,4
160,boat/2008_002504.jpg,boat/2008_002504txt,4
161,boat/2008_002773.jpg,boat/2008_002773txt,4
162,boat/2008_002850.jpg,boat/2008_002850txt,4
163,boat/2008_003062.jpg,boat/2008_003062txt,4
164,boat/2008_003100.jpg,boat/2008_003100txt,4
165,boat/2008_003701.jpg,boat/2008_003701txt,4
166,boat/2008_003849.jpg,boat/2008_003849txt,4
167,boat/2008_003858.jpg,boat/2008_003858txt,4
168,boat/2008_003951.jpg,boat/2008_003951txt,4
169,boat/2008_003988.jpg,boat/2008_003988txt,4
170,boat/2008_004014.jpg,boat/2008_004014txt,4
171,boat/2008_004291.jpg,boat/2008_004291txt,4
172,boat/2008_004812.jpg,boat/2008_004812txt,4
173,boat/2008_004969.jpg,boat/2008_004969txt,4
174,boat/2008_004983.jpg,boat/2008_004983txt,4
175,boat/2008_005321.jpg,boat/2008_005321txt,4
176,boat/2008_005536.jpg,boat/2008_005536txt,4
177,boat/2008_005593.jpg,boat/2008_005593txt,4
178,boat/2008_005664.jpg,boat/2008_005664txt,4
179,boat/2008_005683.jpg,boat/2008_005683txt,4
180,boat/2008_005695.jpg,boat/2008_005695txt,4
181,boat/2008_005720.jpg,boat/2008_005720txt,4
182,boat/2008_005863.jpg,boat/2008_005863txt,4
183,boat/2008_005923.jpg,boat/2008_005923txt,4
184,boat/2008_005959.jpg,boat/2008_005959txt,4
185,boat/2008_006014.jpg,boat/2008_006014txt,4
186,boat/2008_006163.jpg,boat/2008_006163txt,4
187,boat/2008_006289.jpg,boat/2008_006289txt,4
188,boat/2008_006404.jpg,boat/2008_006404txt,4
189,boat/2008_006488.jpg,boat/2008_006488txt,4
190,boat/2008_006654.jpg,boat/2008_006654txt,4
191,boat/2008_006720.jpg,boat/2008_006720txt,4
192,boat/2008_006730.jpg,boat/2008_006730txt,4
193,boat/2008_006877.jpg,boat/2008_006877txt,4
194,boat/2008_006925.jpg,boat/2008_006925txt,4
195,boat/2008_007056.jpg,boat/2008_007056txt,4
196,boat/2008_007101.jpg,boat/2008_007101txt,4
197,boat/2008_007599.jpg,boat/2008_007599txt,4
198,boat/2008_007841.jpg,boat/2008_007841txt,4
199,boat/2008_007953.jpg,boat/2008_007953txt,4
200,bottle/2008_000112.jpg,bottle/2008_000112txt,5
201,bottle/2008_000202.jpg,bottle/2008_000202txt,5
202,bottle/2008_000272.jpg,bottle/2008_000272txt,5
203,bottle/2008_000495.jpg,bottle/2008_000495txt,5
204,bottle/2008_000691.jpg,bottle/2008_000691txt,5
205,bottle/2008_000795.jpg,bottle/2008_000795txt,5
206,bottle/2008_000911.jpg,bottle/2008_000911txt,5
207,bottle/2008_001333.jpg,bottle/2008_001333txt,5
208,bottle/2008_001444.jpg,bottle/2008_001444txt,5
209,bottle/2008_001486.jpg,bottle/2008_001486txt,5
210,bottle/2008_001910.jpg,bottle/2008_001910txt,5
211,bottle/2008_002467.jpg,bottle/2008_002467txt,5
212,bottle/2008_002864.jpg,bottle/2008_002864txt,5
213,bottle/2008_002870.jpg,bottle/2008_002870txt,5
214,bottle/2008_003182.jpg,bottle/2008_003182txt,5
215,bottle/2008_003290.jpg,bottle/2008_003290txt,5
216,bottle/2008_004090.jpg,bottle/2008_004090txt,5
217,bottle/2008_004487.jpg,bottle/2008_004487txt,5
218,bottle/2008_004581.jpg,bottle/2008_004581txt,5
219,bottle/2008_004659.jpg,bottle/2008_004659txt,5
220,bottle/2008_004795.jpg,bottle/2008_004795txt,5
221,bottle/2008_004979.jpg,bottle/2008_004979txt,5
222,bottle/2008_004991.jpg,bottle/2008_004991txt,5
223,bottle/2008_005023.jpg,bottle/2008_005023txt,5
224,bottle/2008_005140.jpg,bottle/2008_005140txt,5
225,bottle/2008_005347.jpg,bottle/2008_005347txt,5
226,bottle/2008_005549.jpg,bottle/2008_005549txt,5
227,bottle/2008_005560.jpg,bottle/2008_005560txt,5
228,bottle/2008_005752.jpg,bottle/2008_005752txt,5
229,bottle/2008_005812.jpg,bottle/2008_005812txt,5
230,bottle/2008_005939.jpg,bottle/2008_005939txt,5
231,bottle/2008_005945.jpg,bottle/2008_005945txt,5
232,bottle/2008_006004.jpg,bottle/2008_006004txt,5
233,bottle/2008_006024.jpg,bottle/2008_006024txt,5
234,bottle/2008_006072.jpg,bottle/2008_006072txt,5
235,bottle/2008_006102.jpg,bottle/2008_006102txt,5
236,bottle/2008_006182.jpg,bottle/2008_006182txt,5
237,bottle/2008_006282.jpg,bottle/2008_006282txt,5
238,bottle/2008_006331.jpg,bottle/2008_006331txt,5
239,bottle/2008_006890.jpg,bottle/2008_006890txt,5
240,bottle/2008_006992.jpg,bottle/2008_006992txt,5
241,bottle/2008_007076.jpg,bottle/2008_007076txt,5
242,bottle/2008_007147.jpg,bottle/2008_007147txt,5
243,bottle/2008_007168.jpg,bottle/2008_007168txt,5
244,bottle/2008_007286.jpg,bottle/2008_007286txt,5
245,bottle/2008_007394.jpg,bottle/2008_007394txt,5
246,bottle/2008_007737.jpg,bottle/2008_007737txt,5
247,bottle/2008_007986.jpg,bottle/2008_007986txt,5
248,bottle/2008_008072.jpg,bottle/2008_008072txt,5
249,bottle/2008_008526.jpg,bottle/2008_008526txt,5
250,bus/2008_000032.jpg,bus/2008_000032txt,6
251,bus/2008_000075.jpg,bus/2008_000075txt,6
252,bus/2008_000132.jpg,bus/2008_000132txt,6
253,bus/2008_001820.jpg,bus/2008_001820txt,6
254,bus/2008_001842.jpg,bus/2008_001842txt,6
255,bus/2008_002179.jpg,bus/2008_002179txt,6
256,bus/2008_002412.jpg,bus/2008_002412txt,6
257,bus/2008_002451.jpg,bus/2008_002451txt,6
258,bus/2008_003060.jpg,bus/2008_003060txt,6
259,bus/2008_003067.jpg,bus/2008_003067txt,6
260,bus/2008_003321.jpg,bus/2008_003321txt,6
261,bus/2008_003373.jpg,bus/2008_003373txt,6
262,bus/2008_003489.jpg,bus/2008_003489txt,6
263,bus/2008_003673.jpg,bus/2008_003673txt,6
264,bus/2008_003691.jpg,bus/2008_003691txt,6
265,bus/2008_003924.jpg,bus/2008_003924txt,6
266,bus/2008_004613.jpg,bus/2008_004613txt,6
267,bus/2008_004614.jpg,bus/2008_004614txt,6
268,bus/2008_004679.jpg,bus/2008_004679txt,6
269,bus/2008_004844.jpg,bus/2008_004844txt,6
270,bus/2008_004968.jpg,bus/2008_004968txt,6
271,bus/2008_005074.jpg,bus/2008_005074txt,6
272,bus/2008_005196.jpg,bus/2008_005196txt,6
273,bus/2008_005277.jpg,bus/2008_005277txt,6
274,bus/2008_005360.jpg,bus/2008_005360txt,6
275,bus/2008_005676.jpg,bus/2008_005676txt,6
276,bus/2008_005761.jpg,bus/2008_005761txt,6
277,bus/2008_005891.jpg,bus/2008_005891txt,6
278,bus/2008_005933.jpg,bus/2008_005933txt,6
279,bus/2008_005984.jpg,bus/2008_005984txt,6
280,bus/2008_006483.jpg,bus/2008_006483txt,6
281,bus/2008_006635.jpg,bus/2008_006635txt,6
282,bus/2008_006748.jpg,bus/2008_006748txt,6
283,bus/2008_007133.jpg,bus/2008_007133txt,6
284,bus/2008_007254.jpg,bus/2008_007254txt,6
285,bus/2008_007352.jpg,bus/2008_007352txt,6
286,bus/2008_007356.jpg,bus/2008_007356txt,6
287,bus/2008_007375.jpg,bus/2008_007375txt,6
288,bus/2008_007969.jpg,bus/2008_007969txt,6
289,bus/2008_007997.jpg,bus/2008_007997txt,6
290,bus/2008_008043.jpg,bus/2008_008043txt,6
291,bus/2008_008066.jpg,bus/2008_008066txt,6
292,bus/2008_008113.jpg,bus/2008_008113txt,6
293,bus/2008_008252.jpg,bus/2008_008252txt,6
294,bus/2008_008343.jpg,bus/2008_008343txt,6
295,bus/2008_008549.jpg,bus/2008_008549txt,6
296,bus/2008_008674.jpg,bus/2008_008674txt,6
297,bus/2008_008679.jpg,bus/2008_008679txt,6
298,bus/2008_008719.jpg,bus/2008_008719txt,6
299,bus/2008_008748.jpg,bus/2008_008748txt,6
300,car/2008_000085.jpg,car/2008_000085txt,7
301,car/2008_000163.jpg,car/2008_000163txt,7
302,car/2008_000203.jpg,car/2008_000203txt,7
303,car/2008_000252.jpg,car/2008_000252txt,7
304,car/2008_000346.jpg,car/2008_000346txt,7
305,car/2008_000457.jpg,car/2008_000457txt,7
306,car/2008_000953.jpg,car/2008_000953txt,7
307,car/2008_000982.jpg,car/2008_000982txt,7
308,car/2008_001062.jpg,car/2008_001062txt,7
309,car/2008_001208.jpg,car/2008_001208txt,7
310,car/2008_001274.jpg,car/2008_001274txt,7
311,car/2008_001632.jpg,car/2008_001632txt,7
312,car/2008_001830.jpg,car/2008_001830txt,7
313,car/2008_001941.jpg,car/2008_001941txt,7
314,car/2008_002202.jpg,car/2008_002202txt,7
315,car/2008_002368.jpg,car/2008_002368txt,7
316,car/2008_002672.jpg,car/2008_002672txt,7
317,car/2008_003061.jpg,car/2008_003061txt,7
318,car/2008_003329.jpg,car/2008_003329txt,7
319,car/2008_003378.jpg,car/2008_003378txt,7
320,car/2008_003415.jpg,car/2008_003415txt,7
321,car/2008_003775.jpg,car/2008_003775txt,7
322,car/2008_003986.jpg,car/2008_003986txt,7
323,car/2008_004020.jpg,car/2008_004020txt,7
324,car/2008_004080.jpg,car/2008_004080txt,7
325,car/2008_004100.jpg,car/2008_004100txt,7
326,car/2008_004559.jpg,car/2008_004559txt,7
327,car/2008_004850.jpg,car/2008_004850txt,7
328,car/2008_004858.jpg,car/2008_004858txt,7
329,car/2008_004862.jpg,car/2008_004862txt,7
330,car/2008_005234.jpg,car/2008_005234txt,7
331,car/2008_005641.jpg,car/2008_005641txt,7
332,car/2008_005747.jpg,car/2008_005747txt,7
333,car/2008_005960.jpg,car/2008_005960txt,7
334,car/2008_006037.jpg,car/2008_006037txt,7
335,car/2008_006087.jpg,car/2008_006087txt,7
336,car/2008_006220.jpg,car/2008_006220txt,7
337,car/2008_006336.jpg,car/2008_006336txt,7
338,car/2008_006438.jpg,car/2008_006438txt,7
339,car/2008_006649.jpg,car/2008_006649txt,7
340,car/2008_006762.jpg,car/2008_006762txt,7
341,car/2008_006827.jpg,car/2008_006827txt,7
342,car/2008_006936.jpg,car/2008_006936txt,7
343,car/2008_007119.jpg,car/2008_007119txt,7
344,car/2008_007323.jpg,car/2008_007323txt,7
345,car/2008_007346.jpg,car/2008_007346txt,7
346,car/2008_007488.jpg,car/2008_007488txt,7
347,car/2008_007757.jpg,car/2008_007757txt,7
348,car/2008_007804.jpg,car/2008_007804txt,7
349,car/2008_008338.jpg,car/2008_008338txt,7
350,cat/2008_000116.jpg,cat/2008_000116txt,8
351,cat/2008_000182.jpg,cat/2008_000182txt,8
352,cat/2008_000227.jpg,cat/2008_000227txt,8
353,cat/2008_000345.jpg,cat/2008_000345txt,8
354,cat/2008_000670.jpg,cat/2008_000670txt,8
355,cat/2008_001290.jpg,cat/2008_001290txt,8
356,cat/2008_001335.jpg,cat/2008_001335txt,8
357,cat/2008_001592.jpg,cat/2008_001592txt,8
358,cat/2008_001836.jpg,cat/2008_001836txt,8
359,cat/2008_001885.jpg,cat/2008_001885txt,8
360,cat/2008_002067.jpg,cat/2008_002067txt,8
361,cat/2008_002201.jpg,cat/2008_002201txt,8
362,cat/2008_002294.jpg,cat/2008_002294txt,8
363,cat/2008_002329.jpg,cat/2008_002329txt,8
364,cat/2008_002410.jpg,cat/2008_002410txt,8
365,cat/2008_002749.jpg,cat/2008_002749txt,8
366,cat/2008_002845.jpg,cat/2008_002845txt,8
367,cat/2008_003063.jpg,cat/2008_003063txt,8
368,cat/2008_003244.jpg,cat/2008_003244txt,8
369,cat/2008_003607.jpg,cat/2008_003607txt,8
370,cat/2008_003622.jpg,cat/2008_003622txt,8
371,cat/2008_003772.jpg,cat/2008_003772txt,8
372,cat/2008_004303.jpg,cat/2008_004303txt,8
373,cat/2008_004328.jpg,cat/2008_004328txt,8
374,cat/2008_004347.jpg,cat/2008_004347txt,8
375,cat/2008_004635.jpg,cat/2008_004635txt,8
376,cat/2008_004873.jpg,cat/2008_004873txt,8
377,cat/2008_004990.jpg,cat/2008_004990txt,8
378,cat/2008_005003.jpg,cat/2008_005003txt,8
379,cat/2008_005181.jpg,cat/2008_005181txt,8
380,cat/2008_005252.jpg,cat/2008_005252txt,8
381,cat/2008_005386.jpg,cat/2008_005386txt,8
382,cat/2008_005449.jpg,cat/2008_005449txt,8
383,cat/2008_005469.jpg,cat/2008_005469txt,8
384,cat/2008_005614.jpg,cat/2008_005614txt,8
385,cat/2008_005857.jpg,cat/2008_005857txt,8
386,cat/2008_006081.jpg,cat/2008_006081txt,8
387,cat/2008_006194.jpg,cat/2008_006194txt,8
388,cat/2008_006384.jpg,cat/2008_006384txt,8
389,cat/2008_006403.jpg,cat/2008_006403txt,8
390,cat/2008_006956.jpg,cat/2008_006956txt,8
391,cat/2008_006999.jpg,cat/2008_006999txt,8
392,cat/2008_007039.jpg,cat/2008_007039txt,8
393,cat/2008_007176.jpg,cat/2008_007176txt,8
394,cat/2008_007324.jpg,cat/2008_007324txt,8
395,cat/2008_007363.jpg,cat/2008_007363txt,8
396,cat/2008_007496.jpg,cat/2008_007496txt,8
397,cat/2008_007589.jpg,cat/2008_007589txt,8
398,cat/2008_007855.jpg,cat/2008_007855txt,8
399,cat/2008_007888.jpg,cat/2008_007888txt,8
400,chair/2008_000904.jpg,chair/2008_000904txt,9
401,chair/2008_000976.jpg,chair/2008_000976txt,9
402,chair/2008_001073.jpg,chair/2008_001073txt,9
403,chair/2008_001320.jpg,chair/2008_001320txt,9
404,chair/2008_001338.jpg,chair/2008_001338txt,9
405,chair/2008_001467.jpg,chair/2008_001467txt,9
406,chair/2008_001563.jpg,chair/2008_001563txt,9
407,chair/2008_001737.jpg,chair/2008_001737txt,9
408,chair/2008_001841.jpg,chair/2008_001841txt,9
409,chair/2008_001928.jpg,chair/2008_001928txt,9
410,chair/2008_002071.jpg,chair/2008_002071txt,9
411,chair/2008_002442.jpg,chair/2008_002442txt,9
412,chair/2008_002481.jpg,chair/2008_002481txt,9
413,chair/2008_002508.jpg,chair/2008_002508txt,9
414,chair/2008_002521.jpg,chair/2008_002521txt,9
415,chair/2008_002613.jpg,chair/2008_002613txt,9
416,chair/2008_002674.jpg,chair/2008_002674txt,9
417,chair/2008_002758.jpg,chair/2008_002758txt,9
418,chair/2008_003073.jpg,chair/2008_003073txt,9
419,chair/2008_003146.jpg,chair/2008_003146txt,9
420,chair/2008_003178.jpg,chair/2008_003178txt,9
421,chair/2008_003245.jpg,chair/2008_003245txt,9
422,chair/2008_003264.jpg,chair/2008_003264txt,9
423,chair/2008_003472.jpg,chair/2008_003472txt,9
424,chair/2008_003504.jpg,chair/2008_003504txt,9
425,chair/2008_003726.jpg,chair/2008_003726txt,9
426,chair/2008_003796.jpg,chair/2008_003796txt,9
427,chair/2008_003821.jpg,chair/2008_003821txt,9
428,chair/2008_003998.jpg,chair/2008_003998txt,9
429,chair/2008_004122.jpg,chair/2008_004122txt,9
430,chair/2008_004445.jpg,chair/2008_004445txt,9
431,chair/2008_004457.jpg,chair/2008_004457txt,9
432,chair/2008_004985.jpg,chair/2008_004985txt,9
433,chair/2008_005414.jpg,chair/2008_005414txt,9
434,chair/2008_005616.jpg,chair/2008_005616txt,9
435,chair/2008_006076.jpg,chair/2008_006076txt,9
436,chair/2008_006691.jpg,chair/2008_006691txt,9
437,chair/2008_006841.jpg,chair/2008_006841txt,9
438,chair/2008_007166.jpg,chair/2008_007166txt,9
439,chair/2008_007361.jpg,chair/2008_007361txt,9
440,chair/2008_007378.jpg,chair/2008_007378txt,9
441,chair/2008_007415.jpg,chair/2008_007415txt,9
442,chair/2008_007691.jpg,chair/2008_007691txt,9
443,chair/2008_007742.jpg,chair/2008_007742txt,9
444,chair/2008_007922.jpg,chair/2008_007922txt,9
445,chair/2008_007941.jpg,chair/2008_007941txt,9
446,chair/2008_007949.jpg,chair/2008_007949txt,9
447,chair/2008_008470.jpg,chair/2008_008470txt,9
448,chair/2008_008589.jpg,chair/2008_008589txt,9
449,chair/2008_008593.jpg,chair/2008_008593txt,9
450,cow/2008_000335.jpg,cow/2008_000335txt,10
451,cow/2008_000711.jpg,cow/2008_000711txt,10
452,cow/2008_000876.jpg,cow/2008_000876txt,10
453,cow/2008_000905.jpg,cow/2008_000905txt,10
454,cow/2008_000919.jpg,cow/2008_000919txt,10
455,cow/2008_000964.jpg,cow/2008_000964txt,10
456,cow/2008_001359.jpg,cow/2008_001359txt,10
457,cow/2008_002270.jpg,cow/2008_002270txt,10
458,cow/2008_002278.jpg,cow/2008_002278txt,10
459,cow/2008_002686.jpg,cow/2008_002686txt,10
460,cow/2008_002709.jpg,cow/2008_002709txt,10
461,cow/2008_003094.jpg,cow/2008_003094txt,10
462,cow/2008_003297.jpg,cow/2008_003297txt,10
463,cow/2008_004450.jpg,cow/2008_004450txt,10
464,cow/2008_004701.jpg,cow/2008_004701txt,10
465,cow/2008_004841.jpg,cow/2008_004841txt,10
466,cow/2008_005010.jpg,cow/2008_005010txt,10
467,cow/2008_005097.jpg,cow/2008_005097txt,10
468,cow/2008_005105.jpg,cow/2008_005105txt,10
469,cow/2008_005375.jpg,cow/2008_005375txt,10
470,cow/2008_005714.jpg,cow/2008_005714txt,10
471,cow/2008_006210.jpg,cow/2008_006210txt,10
472,cow/2008_006290.jpg,cow/2008_006290txt,10
473,cow/2008_006355.jpg,cow/2008_006355txt,10
474,cow/2008_006496.jpg,cow/2008_006496txt,10
475,cow/2008_006547.jpg,cow/2008_006547txt,10
476,cow/2008_006904.jpg,cow/2008_006904txt,10
477,cow/2008_007009.jpg,cow/2008_007009txt,10
478,cow/2008_007025.jpg,cow/2008_007025txt,10
479,cow/2008_007026.jpg,cow/2008_007026txt,10
480,cow/2008_007031.jpg,cow/2008_007031txt,10
481,cow/2008_007398.jpg,cow/2008_007398txt,10
482,cow/2008_007544.jpg,cow/2008_007544txt,10
483,cow/2008_007596.jpg,cow/2008_007596txt,10
484,cow/2008_007729.jpg,cow/2008_007729txt,10
485,cow/2008_008115.jpg,cow/2008_008115txt,10
486,cow/2008_008121.jpg,cow/2008_008121txt,10
487,cow/2008_008132.jpg,cow/2008_008132txt,10
488,cow/2008_008169.jpg,cow/2008_008169txt,10
489,cow/2008_008199.jpg,cow/2008_008199txt,10
490,cow/2008_008241.jpg,cow/2008_008241txt,10
491,cow/2008_008370.jpg,cow/2008_008370txt,10
492,cow/2008_008428.jpg,cow/2008_008428txt,10
493,cow/2008_008482.jpg,cow/2008_008482txt,10
494,cow/2008_008521.jpg,cow/2008_008521txt,10
495,cow/2008_008541.jpg,cow/2008_008541txt,10
496,cow/2008_008617.jpg,cow/2008_008617txt,10
497,cow/2008_008635.jpg,cow/2008_008635txt,10
498,cow/2008_008654.jpg,cow/2008_008654txt,10
499,cow/2008_008685.jpg,cow/2008_008685txt,10
500,diningtable/2008_000043.jpg,diningtable/2008_000043txt,11
501,diningtable/2008_000418.jpg,diningtable/2008_000418txt,11
502,diningtable/2008_000817.jpg,diningtable/2008_000817txt,11
503,diningtable/2008_000885.jpg,diningtable/2008_000885txt,11
504,diningtable/2008_001077.jpg,diningtable/2008_001077txt,11
505,diningtable/2008_001083.jpg,diningtable/2008_001083txt,11
506,diningtable/2008_001155.jpg,diningtable/2008_001155txt,11
507,diningtable/2008_001230.jpg,diningtable/2008_001230txt,11
508,diningtable/2008_001451.jpg,diningtable/2008_001451txt,11
509,diningtable/2008_001723.jpg,diningtable/2008_001723txt,11
510,diningtable/2008_001758.jpg,diningtable/2008_001758txt,11
511,diningtable/2008_001809.jpg,diningtable/2008_001809txt,11
512,diningtable/2008_002079.jpg,diningtable/2008_002079txt,11
513,diningtable/2008_002362.jpg,diningtable/2008_002362txt,11
514,diningtable/2008_002384.jpg,diningtable/2008_002384txt,11
515,diningtable/2008_002567.jpg,diningtable/2008_002567txt,11
516,diningtable/2008_002892.jpg,diningtable/2008_002892txt,11
517,diningtable/2008_003224.jpg,diningtable/2008_003224txt,11
518,diningtable/2008_003477.jpg,diningtable/2008_003477txt,11
519,diningtable/2008_003534.jpg,diningtable/2008_003534txt,11
520,diningtable/2008_003753.jpg,diningtable/2008_003753txt,11
521,diningtable/2008_003881.jpg,diningtable/2008_003881txt,11
522,diningtable/2008_004216.jpg,diningtable/2008_004216txt,11
523,diningtable/2008_004289.jpg,diningtable/2008_004289txt,11
524,diningtable/2008_004293.jpg,diningtable/2008_004293txt,11
525,diningtable/2008_004321.jpg,diningtable/2008_004321txt,11
526,diningtable/2008_004564.jpg,diningtable/2008_004564txt,11
527,diningtable/2008_004588.jpg,diningtable/2008_004588txt,11
528,diningtable/2008_004776.jpg,diningtable/2008_004776txt,11
529,diningtable/2008_004851.jpg,diningtable/2008_004851txt,11
530,diningtable/2008_004948.jpg,diningtable/2008_004948txt,11
531,diningtable/2008_005081.jpg,diningtable/2008_005081txt,11
532,diningtable/2008_005348.jpg,diningtable/2008_005348txt,11
533,diningtable/2008_005570.jpg,diningtable/2008_005570txt,11
534,diningtable/2008_005975.jpg,diningtable/2008_005975txt,11
535,diningtable/2008_006008.jpg,diningtable/2008_006008txt,11
536,diningtable/2008_006192.jpg,diningtable/2008_006192txt,11
537,diningtable/2008_006750.jpg,diningtable/2008_006750txt,11
538,diningtable/2008_006969.jpg,diningtable/2008_006969txt,11
539,diningtable/2008_007048.jpg,diningtable/2008_007048txt,11
540,diningtable/2008_007097.jpg,diningtable/2008_007097txt,11
541,diningtable/2008_007291.jpg,diningtable/2008_007291txt,11
542,diningtable/2008_007402.jpg,diningtable/2008_007402txt,11
543,diningtable/2008_007692.jpg,diningtable/2008_007692txt,11
544,diningtable/2008_008098.jpg,diningtable/2008_008098txt,11
545,diningtable/2008_008266.jpg,diningtable/2008_008266txt,11
546,diningtable/2008_008362.jpg,diningtable/2008_008362txt,11
547,diningtable/2008_008363.jpg,diningtable/2008_008363txt,11
548,diningtable/2008_008365.jpg,diningtable/2008_008365txt,11
549,diningtable/2008_008388.jpg,diningtable/2008_008388txt,11
550,dog/2008_000053.jpg,dog/2008_000053txt,12
551,dog/2008_000138.jpg,dog/2008_000138txt,12
552,dog/2008_000270.jpg,dog/2008_000270txt,12
553,dog/2008_000620.jpg,dog/2008_000620txt,12
554,dog/2008_000641.jpg,dog/2008_000641txt,12
555,dog/2008_000706.jpg,dog/2008_000706txt,12
556,dog/2008_000808.jpg,dog/2008_000808txt,12
557,dog/2008_000897.jpg,dog/2008_000897txt,12
558,dog/2008_001070.jpg,dog/2008_001070txt,12
559,dog/2008_001220.jpg,dog/2008_001220txt,12
560,dog/2008_001285.jpg,dog/2008_001285txt,12
561,dog/2008_001479.jpg,dog/2008_001479txt,12
562,dog/2008_001676.jpg,dog/2008_001676txt,12
563,dog/2008_001895.jpg,dog/2008_001895txt,12
564,dog/2008_002395.jpg,dog/2008_002395txt,12
565,dog/2008_002441.jpg,dog/2008_002441txt,12
566,dog/2008_002536.jpg,dog/2008_002536txt,12
567,dog/2008_002859.jpg,dog/2008_002859txt,12
568,dog/2008_003133.jpg,dog/2008_003133txt,12
569,dog/2008_003576.jpg,dog/2008_003576txt,12
570,dog/2008_003852.jpg,dog/2008_003852txt,12
571,dog/2008_004044.jpg,dog/2008_004044txt,12
572,dog/2008_004498.jpg,dog/2008_004498txt,12
573,dog/2008_004528.jpg,dog/2008_004528txt,12
574,dog/2008_004653.jpg,dog/2008_004653txt,12
575,dog/2008_004745.jpg,dog/2008_004745txt,12
576,dog/2008_004760.jpg,dog/2008_004760txt,12
577,dog/2008_004833.jpg,dog/2008_004833txt,12
578,dog/2008_004931.jpg,dog/2008_004931txt,12
579,dog/2008_004950.jpg,dog/2008_004950txt,12
580,dog/2008_005046.jpg,dog/2008_005046txt,12
581,dog/2008_005065.jpg,dog/2008_005065txt,12
582,dog/2008_005160.jpg,dog/2008_005160txt,12
583,dog/2008_005240.jpg,dog/2008_005240txt,12
584,dog/2008_005563.jpg,dog/2008_005563txt,12
585,dog/2008_005798.jpg,dog/2008_005798txt,12
586,dog/2008_005823.jpg,dog/2008_005823txt,12
587,dog/2008_005831.jpg,dog/2008_005831txt,12
588,dog/2008_005882.jpg,dog/2008_005882txt,12
589,dog/2008_005890.jpg,dog/2008_005890txt,12
590,dog/2008_006130.jpg,dog/2008_006130txt,12
591,dog/2008_006356.jpg,dog/2008_006356txt,12
592,dog/2008_006511.jpg,dog/2008_006511txt,12
593,dog/2008_006602.jpg,dog/2008_006602txt,12
594,dog/2008_007478.jpg,dog/2008_007478txt,12
595,dog/2008_007519.jpg,dog/2008_007519txt,12
596,dog/2008_007537.jpg,dog/2008_007537txt,12
597,dog/2008_007567.jpg,dog/2008_007567txt,12
598,dog/2008_007694.jpg,dog/2008_007694txt,12
599,dog/2008_007871.jpg,dog/2008_007871txt,12
600,horse/2008_000219.jpg,horse/2008_000219txt,13
601,horse/2008_000912.jpg,horse/2008_000912txt,13
602,horse/2008_001031.jpg,horse/2008_001031txt,13
603,horse/2008_001235.jpg,horse/2008_001235txt,13
604,horse/2008_001682.jpg,horse/2008_001682txt,13
605,horse/2008_002338.jpg,horse/2008_002338txt,13
606,horse/2008_002459.jpg,horse/2008_002459txt,13
607,horse/2008_002666.jpg,horse/2008_002666txt,13
608,horse/2008_002697.jpg,horse/2008_002697txt,13
609,horse/2008_003283.jpg,horse/2008_003283txt,13
610,horse/2008_003447.jpg,horse/2008_003447txt,13
611,horse/2008_003461.jpg,horse/2008_003461txt,13
612,horse/2008_003805.jpg,horse/2008_003805txt,13
613,horse/2008_004166.jpg,horse/2008_004166txt,13
614,horse/2008_004175.jpg,horse/2008_004175txt,13
615,horse/2008_004470.jpg,horse/2008_004470txt,13
616,horse/2008_004539.jpg,horse/2008_004539txt,13
617,horse/2008_004764.jpg,horse/2008_004764txt,13
618,horse/2008_004868.jpg,horse/2008_004868txt,13
619,horse/2008_004911.jpg,horse/2008_004911txt,13
620,horse/2008_005168.jpg,horse/2008_005168txt,13
621,horse/2008_005498.jpg,horse/2008_005498txt,13
622,horse/2008_005642.jpg,horse/2008_005642txt,13
623,horse/2008_006096.jpg,horse/2008_006096txt,13
624,horse/2008_006397.jpg,horse/2008_006397txt,13
625,horse/2008_006429.jpg,horse/2008_006429txt,13
626,horse/2008_006434.jpg,horse/2008_006434txt,13
627,horse/2008_006912.jpg,horse/2008_006912txt,13
628,horse/2008_006991.jpg,horse/2008_006991txt,13
629,horse/2008_007004.jpg,horse/2008_007004txt,13
630,horse/2008_007319.jpg,horse/2008_007319txt,13
631,horse/2008_007524.jpg,horse/2008_007524txt,13
632,horse/2008_007576.jpg,horse/2008_007576txt,13
633,horse/2008_007588.jpg,horse/2008_007588txt,13
634,horse/2008_007612.jpg,horse/2008_007612txt,13
635,horse/2008_007625.jpg,horse/2008_007625txt,13
636,horse/2008_007816.jpg,horse/2008_007816txt,13
637,horse/2008_008012.jpg,horse/2008_008012txt,13
638,horse/2008_008034.jpg,horse/2008_008034txt,13
639,horse/2008_008040.jpg,horse/2008_008040txt,13
640,horse/2008_008052.jpg,horse/2008_008052txt,13
641,horse/2008_008075.jpg,horse/2008_008075txt,13
642,horse/2008_008232.jpg,horse/2008_008232txt,13
643,horse/2008_008262.jpg,horse/2008_008262txt,13
644,horse/2008_008296.jpg,horse/2008_008296txt,13
645,horse/2008_008318.jpg,horse/2008_008318txt,13
646,horse/2008_008393.jpg,horse/2008_008393txt,13
647,horse/2008_008431.jpg,horse/2008_008431txt,13
648,horse/2008_008453.jpg,horse/2008_008453txt,13
649,horse/2008_008487.jpg,horse/2008_008487txt,13
650,motorbike/2008_000109.jpg,motorbike/2008_000109txt,14
651,motorbike/2008_000144.jpg,motorbike/2008_000144txt,14
652,motorbike/2008_000237.jpg,motorbike/2008_000237txt,14
653,motorbike/2008_000328.jpg,motorbike/2008_000328txt,14
654,motorbike/2008_000393.jpg,motorbike/2008_000393txt,14
655,motorbike/2008_001203.jpg,motorbike/2008_001203txt,14
656,motorbike/2008_001586.jpg,motorbike/2008_001586txt,14
657,motorbike/2008_001691.jpg,motorbike/2008_001691txt,14
658,motorbike/2008_002752.jpg,motorbike/2008_002752txt,14
659,motorbike/2008_002804.jpg,motorbike/2008_002804txt,14
660,motorbike/2008_002926.jpg,motorbike/2008_002926txt,14
661,motorbike/2008_002948.jpg,motorbike/2008_002948txt,14
662,motorbike/2008_002972.jpg,motorbike/2008_002972txt,14
663,motorbike/2008_003320.jpg,motorbike/2008_003320txt,14
664,motorbike/2008_003892.jpg,motorbike/2008_003892txt,14
665,motorbike/2008_003939.jpg,motorbike/2008_003939txt,14
666,motorbike/2008_004084.jpg,motorbike/2008_004084txt,14
667,motorbike/2008_004615.jpg,motorbike/2008_004615txt,14
668,motorbike/2008_005139.jpg,motorbike/2008_005139txt,14
669,motorbike/2008_005213.jpg,motorbike/2008_005213txt,14
670,motorbike/2008_005427.jpg,motorbike/2008_005427txt,14
671,motorbike/2008_005429.jpg,motorbike/2008_005429txt,14
672,motorbike/2008_005902.jpg,motorbike/2008_005902txt,14
673,motorbike/2008_006345.jpg,motorbike/2008_006345txt,14
674,motorbike/2008_006441.jpg,motorbike/2008_006441txt,14
675,motorbike/2008_006458.jpg,motorbike/2008_006458txt,14
676,motorbike/2008_006517.jpg,motorbike/2008_006517txt,14
677,motorbike/2008_006526.jpg,motorbike/2008_006526txt,14
678,motorbike/2008_006857.jpg,motorbike/2008_006857txt,14
679,motorbike/2008_006944.jpg,motorbike/2008_006944txt,14
680,motorbike/2008_007054.jpg,motorbike/2008_007054txt,14
681,motorbike/2008_007138.jpg,motorbike/2008_007138txt,14
682,motorbike/2008_007184.jpg,motorbike/2008_007184txt,14
683,motorbike/2008_007241.jpg,motorbike/2008_007241txt,14
684,motorbike/2008_007313.jpg,motorbike/2008_007313txt,14
685,motorbike/2008_007344.jpg,motorbike/2008_007344txt,14
686,motorbike/2008_007348.jpg,motorbike/2008_007348txt,14
687,motorbike/2008_007459.jpg,motorbike/2008_007459txt,14
688,motorbike/2008_007485.jpg,motorbike/2008_007485txt,14
689,motorbike/2008_007739.jpg,motorbike/2008_007739txt,14
690,motorbike/2008_007746.jpg,motorbike/2008_007746txt,14
691,motorbike/2008_007955.jpg,motorbike/2008_007955txt,14
692,motorbike/2008_008154.jpg,motorbike/2008_008154txt,14
693,motorbike/2008_008177.jpg,motorbike/2008_008177txt,14
694,motorbike/2008_008227.jpg,motorbike/2008_008227txt,14
695,motorbike/2008_008246.jpg,motorbike/2008_008246txt,14
696,motorbike/2008_008391.jpg,motorbike/2008_008391txt,14
697,motorbike/2008_008450.jpg,motorbike/2008_008450txt,14
698,motorbike/2008_008525.jpg,motorbike/2008_008525txt,14
699,motorbike/2008_008552.jpg,motorbike/2008_008552txt,14
700,person/2008_000376.jpg,person/2008_000376txt,15
701,person/2008_000413.jpg,person/2008_000413txt,15
702,person/2008_000422.jpg,person/2008_000422txt,15
703,person/2008_000448.jpg,person/2008_000448txt,15
704,person/2008_000547.jpg,person/2008_000547txt,15
705,person/2008_000748.jpg,person/2008_000748txt,15
706,person/2008_000806.jpg,person/2008_000806txt,15
707,person/2008_000825.jpg,person/2008_000825txt,15
708,person/2008_000834.jpg,person/2008_000834txt,15
709,person/2008_000917.jpg,person/2008_000917txt,15
710,person/2008_000987.jpg,person/2008_000987txt,15
711,person/2008_001035.jpg,person/2008_001035txt,15
712,person/2008_001074.jpg,person/2008_001074txt,15
713,person/2008_001249.jpg,person/2008_001249txt,15
714,person/2008_001301.jpg,person/2008_001301txt,15
715,person/2008_001318.jpg,person/2008_001318txt,15
716,person/2008_001349.jpg,person/2008_001349txt,15
717,person/2008_001501.jpg,person/2008_001501txt,15
718,person/2008_001837.jpg,person/2008_001837txt,15
719,person/2008_001932.jpg,person/2008_001932txt,15
720,person/2008_002283.jpg,person/2008_002283txt,15
721,person/2008_002576.jpg,person/2008_002576txt,15
722,person/2008_002931.jpg,person/2008_002931txt,15
723,person/2008_002988.jpg,person/2008_002988txt,15
724,person/2008_003342.jpg,person/2008_003342txt,15
725,person/2008_003418.jpg,person/2008_003418txt,15
726,person/2008_003442.jpg,person/2008_003442txt,15
727,person/2008_003533.jpg,person/2008_003533txt,15
728,person/2008_004002.jpg,person/2008_004002txt,15
729,person/2008_004123.jpg,person/2008_004123txt,15
730,person/2008_004130.jpg,person/2008_004130txt,15
731,person/2008_004176.jpg,person/2008_004176txt,15
732,person/2008_004307.jpg,person/2008_004307txt,15
733,person/2008_004330.jpg,person/2008_004330txt,15
734,person/2008_004387.jpg,person/2008_004387txt,15
735,person/2008_004426.jpg,person/2008_004426txt,15
736,person/2008_004740.jpg,person/2008_004740txt,15
737,person/2008_005107.jpg,person/2008_005107txt,15
738,person/2008_005412.jpg,person/2008_005412txt,15
739,person/2008_005758.jpg,person/2008_005758txt,15
740,person/2008_006181.jpg,person/2008_006181txt,15
741,person/2008_006554.jpg,person/2008_006554txt,15
742,person/2008_006708.jpg,person/2008_006708txt,15
743,person/2008_006732.jpg,person/2008_006732txt,15
744,person/2008_007277.jpg,person/2008_007277txt,15
745,person/2008_007476.jpg,person/2008_007476txt,15
746,person/2008_007584.jpg,person/2008_007584txt,15
747,person/2008_007923.jpg,person/2008_007923txt,15
748,person/2008_008275.jpg,person/2008_008275txt,15
749,person/2008_008440.jpg,person/2008_008440txt,15
750,pottedplant/2008_000196.jpg,pottedplant/2008_000196txt,16
751,pottedplant/2008_000275.jpg,pottedplant/2008_000275txt,16
752,pottedplant/2008_000491.jpg,pottedplant/2008_000491txt,16
753,pottedplant/2008_000564.jpg,pottedplant/2008_000564txt,16
754,pottedplant/2008_000960.jpg,pottedplant/2008_000960txt,16
755,pottedplant/2008_001078.jpg,pottedplant/2008_001078txt,16
756,pottedplant/2008_001460.jpg,pottedplant/2008_001460txt,16
757,pottedplant/2008_001541.jpg,pottedplant/2008_001541txt,16
758,pottedplant/2008_001784.jpg,pottedplant/2008_001784txt,16
759,pottedplant/2008_001862.jpg,pottedplant/2008_001862txt,16
760,pottedplant/2008_001966.jpg,pottedplant/2008_001966txt,16
761,pottedplant/2008_002026.jpg,pottedplant/2008_002026txt,16
762,pottedplant/2008_002653.jpg,pottedplant/2008_002653txt,16
763,pottedplant/2008_002882.jpg,pottedplant/2008_002882txt,16
764,pottedplant/2008_002897.jpg,pottedplant/2008_002897txt,16
765,pottedplant/2008_003144.jpg,pottedplant/2008_003144txt,16
766,pottedplant/2008_003665.jpg,pottedplant/2008_003665txt,16
767,pottedplant/2008_003689.jpg,pottedplant/2008_003689txt,16
768,pottedplant/2008_004171.jpg,pottedplant/2008_004171txt,16
769,pottedplant/2008_004380.jpg,pottedplant/2008_004380txt,16
770,pottedplant/2008_004619.jpg,pottedplant/2008_004619txt,16
771,pottedplant/2008_004634.jpg,pottedplant/2008_004634txt,16
772,pottedplant/2008_005111.jpg,pottedplant/2008_005111txt,16
773,pottedplant/2008_005214.jpg,pottedplant/2008_005214txt,16
774,pottedplant/2008_005680.jpg,pottedplant/2008_005680txt,16
775,pottedplant/2008_005874.jpg,pottedplant/2008_005874txt,16
776,pottedplant/2008_005914.jpg,pottedplant/2008_005914txt,16
777,pottedplant/2008_005954.jpg,pottedplant/2008_005954txt,16
778,pottedplant/2008_006068.jpg,pottedplant/2008_006068txt,16
779,pottedplant/2008_006112.jpg,pottedplant/2008_006112txt,16
780,pottedplant/2008_006337.jpg,pottedplant/2008_006337txt,16
781,pottedplant/2008_006611.jpg,pottedplant/2008_006611txt,16
782,pottedplant/2008_006807.jpg,pottedplant/2008_006807txt,16
783,pottedplant/2008_007042.jpg,pottedplant/2008_007042txt,16
784,pottedplant/2008_007226.jpg,pottedplant/2008_007226txt,16
785,pottedplant/2008_007281.jpg,pottedplant/2008_007281txt,16
786,pottedplant/2008_007390.jpg,pottedplant/2008_007390txt,16
787,pottedplant/2008_007461.jpg,pottedplant/2008_007461txt,16
788,pottedplant/2008_007525.jpg,pottedplant/2008_007525txt,16
789,pottedplant/2008_007621.jpg,pottedplant/2008_007621txt,16
790,pottedplant/2008_007823.jpg,pottedplant/2008_007823txt,16
791,pottedplant/2008_007831.jpg,pottedplant/2008_007831txt,16
792,pottedplant/2008_007882.jpg,pottedplant/2008_007882txt,16
793,pottedplant/2008_007990.jpg,pottedplant/2008_007990txt,16
794,pottedplant/2008_008024.jpg,pottedplant/2008_008024txt,16
795,pottedplant/2008_008237.jpg,pottedplant/2008_008237txt,16
796,pottedplant/2008_008330.jpg,pottedplant/2008_008330txt,16
797,pottedplant/2008_008341.jpg,pottedplant/2008_008341txt,16
798,pottedplant/2008_008402.jpg,pottedplant/2008_008402txt,16
799,pottedplant/2008_008641.jpg,pottedplant/2008_008641txt,16
800,sheep/2008_000084.jpg,sheep/2008_000084txt,17
801,sheep/2008_000099.jpg,sheep/2008_000099txt,17
802,sheep/2008_000257.jpg,sheep/2008_000257txt,17
803,sheep/2008_000915.jpg,sheep/2008_000915txt,17
804,sheep/2008_001601.jpg,sheep/2008_001601txt,17
805,sheep/2008_002150.jpg,sheep/2008_002150txt,17
806,sheep/2008_002343.jpg,sheep/2008_002343txt,17
807,sheep/2008_002430.jpg,sheep/2008_002430txt,17
808,sheep/2008_003147.jpg,sheep/2008_003147txt,17
809,sheep/2008_004007.jpg,sheep/2008_004007txt,17
810,sheep/2008_004292.jpg,sheep/2008_004292txt,17
811,sheep/2008_004453.jpg,sheep/2008_004453txt,17
812,sheep/2008_004621.jpg,sheep/2008_004621txt,17
813,sheep/2008_004629.jpg,sheep/2008_004629txt,17
814,sheep/2008_004854.jpg,sheep/2008_004854txt,17
815,sheep/2008_005447.jpg,sheep/2008_005447txt,17
816,sheep/2008_005494.jpg,sheep/2008_005494txt,17
817,sheep/2008_005505.jpg,sheep/2008_005505txt,17
818,sheep/2008_005635.jpg,sheep/2008_005635txt,17
819,sheep/2008_005736.jpg,sheep/2008_005736txt,17
820,sheep/2008_005938.jpg,sheep/2008_005938txt,17
821,sheep/2008_006059.jpg,sheep/2008_006059txt,17
822,sheep/2008_006070.jpg,sheep/2008_006070txt,17
823,sheep/2008_006100.jpg,sheep/2008_006100txt,17
824,sheep/2008_006327.jpg,sheep/2008_006327txt,17
825,sheep/2008_006477.jpg,sheep/2008_006477txt,17
826,sheep/2008_006835.jpg,sheep/2008_006835txt,17
827,sheep/2008_006892.jpg,sheep/2008_006892txt,17
828,sheep/2008_006939.jpg,sheep/2008_006939txt,17
829,sheep/2008_007069.jpg,sheep/2008_007069txt,17
830,sheep/2008_007070.jpg,sheep/2008_007070txt,17
831,sheep/2008_007245.jpg,sheep/2008_007245txt,17
832,sheep/2008_007430.jpg,sheep/2008_007430txt,17
833,sheep/2008_007497.jpg,sheep/2008_007497txt,17
834,sheep/2008_007677.jpg,sheep/2008_007677txt,17
835,sheep/2008_007693.jpg,sheep/2008_007693txt,17
836,sheep/2008_007806.jpg,sheep/2008_007806txt,17
837,sheep/2008_007814.jpg,sheep/2008_007814txt,17
838,sheep/2008_007909.jpg,sheep/2008_007909txt,17
839,sheep/2008_007985.jpg,sheep/2008_007985txt,17
840,sheep/2008_008109.jpg,sheep/2008_008109txt,17
841,sheep/2008_008319.jpg,sheep/2008_008319txt,17
842,sheep/2008_008322.jpg,sheep/2008_008322txt,17
843,sheep/2008_008601.jpg,sheep/2008_008601txt,17
844,sheep/2008_008613.jpg,sheep/2008_008613txt,17
845,sheep/2008_008623.jpg,sheep/2008_008623txt,17
846,sheep/2008_008666.jpg,sheep/2008_008666txt,17
847,sheep/2008_008668.jpg,sheep/2008_008668txt,17
848,sheep/2008_008714.jpg,sheep/2008_008714txt,17
849,sheep/2008_008744.jpg,sheep/2008_008744txt,17
850,sofa/2008_000128.jpg,sofa/2008_000128txt,18
851,sofa/2008_000421.jpg,sofa/2008_000421txt,18
852,sofa/2008_000465.jpg,sofa/2008_000465txt,18
853,sofa/2008_000493.jpg,sofa/2008_000493txt,18
854,sofa/2008_000541.jpg,sofa/2008_000541txt,18
855,sofa/2008_000636.jpg,sofa/2008_000636txt,18
856,sofa/2008_000648.jpg,sofa/2008_000648txt,18
857,sofa/2008_000704.jpg,sofa/2008_000704txt,18
858,sofa/2008_000857.jpg,sofa/2008_000857txt,18
859,sofa/2008_001660.jpg,sofa/2008_001660txt,18
860,sofa/2008_001781.jpg,sofa/2008_001781txt,18
861,sofa/2008_001869.jpg,sofa/2008_001869txt,18
862,sofa/2008_002119.jpg,sofa/2008_002119txt,18
863,sofa/2008_002776.jpg,sofa/2008_002776txt,18
864,sofa/2008_002903.jpg,sofa/2008_002903txt,18
865,sofa/2008_002922.jpg,sofa/2008_002922txt,18
866,sofa/2008_002929.jpg,sofa/2008_002929txt,18
867,sofa/2008_003271.jpg,sofa/2008_003271txt,18
868,sofa/2008_003393.jpg,sofa/2008_003393txt,18
869,sofa/2008_003709.jpg,sofa/2008_003709txt,18
870,sofa/2008_003814.jpg,sofa/2008_003814txt,18
871,sofa/2008_004416.jpg,sofa/2008_004416txt,18
872,sofa/2008_004497.jpg,sofa/2008_004497txt,18
873,sofa/2008_004632.jpg,sofa/2008_004632txt,18
874,sofa/2008_004670.jpg,sofa/2008_004670txt,18
875,sofa/2008_004881.jpg,sofa/2008_004881txt,18
876,sofa/2008_004938.jpg,sofa/2008_004938txt,18
877,sofa/2008_005090.jpg,sofa/2008_005090txt,18
878,sofa/2008_005926.jpg,sofa/2008_005926txt,18
879,sofa/2008_006038.jpg,sofa/2008_006038txt,18
880,sofa/2008_006436.jpg,sofa/2008_006436txt,18
881,sofa/2008_006616.jpg,sofa/2008_006616txt,18
882,sofa/2008_007021.jpg,sofa/2008_007021txt,18
883,sofa/2008_007043.jpg,sofa/2008_007043txt,18
884,sofa/2008_007050.jpg,sofa/2008_007050txt,18
885,sofa/2008_007169.jpg,sofa/2008_007169txt,18
886,sofa/2008_007837.jpg,sofa/2008_007837txt,18
887,sofa/2008_008103.jpg,sofa/2008_008103txt,18
888,sofa/2008_008106.jpg,sofa/2008_008106txt,18
889,sofa/2008_008162.jpg,sofa/2008_008162txt,18
890,sofa/2008_008271.jpg,sofa/2008_008271txt,18
891,sofa/2008_008313.jpg,sofa/2008_008313txt,18
892,sofa/2008_008517.jpg,sofa/2008_008517txt,18
893,sofa/2008_008538.jpg,sofa/2008_008538txt,18
894,sofa/2008_008567.jpg,sofa/2008_008567txt,18
895,sofa/2008_008608.jpg,sofa/2008_008608txt,18
896,sofa/2008_008622.jpg,sofa/2008_008622txt,18
897,sofa/2008_008628.jpg,sofa/2008_008628txt,18
898,sofa/2008_008642.jpg,sofa/2008_008642txt,18
899,sofa/2008_008649.jpg,sofa/2008_008649txt,18
900,train/2008_000343.jpg,train/2008_000343txt,19
901,train/2008_000916.jpg,train/2008_000916txt,19
902,train/2008_001164.jpg,train/2008_001164txt,19
903,train/2008_001625.jpg,train/2008_001625txt,19
904,train/2008_001850.jpg,train/2008_001850txt,19
905,train/2008_001866.jpg,train/2008_001866txt,19
906,train/2008_001926.jpg,train/2008_001926txt,19
907,train/2008_002158.jpg,train/2008_002158txt,19
908,train/2008_002222.jpg,train/2008_002222txt,19
909,train/2008_002325.jpg,train/2008_002325txt,19
910,train/2008_002452.jpg,train/2008_002452txt,19
911,train/2008_002900.jpg,train/2008_002900txt,19
912,train/2008_003068.jpg,train/2008_003068txt,19
913,train/2008_003826.jpg,train/2008_003826txt,19
914,train/2008_003992.jpg,train/2008_003992txt,19
915,train/2008_004214.jpg,train/2008_004214txt,19
916,train/2008_004367.jpg,train/2008_004367txt,19
917,train/2008_004610.jpg,train/2008_004610txt,19
918,train/2008_004914.jpg,train/2008_004914txt,19
919,train/2008_005282.jpg,train/2008_005282txt,19
920,train/2008_005968.jpg,train/2008_005968txt,19
921,train/2008_006010.jpg,train/2008_006010txt,19
922,train/2008_006158.jpg,train/2008_006158txt,19
923,train/2008_006553.jpg,train/2008_006553txt,19
924,train/2008_006655.jpg,train/2008_006655txt,19
925,train/2008_006818.jpg,train/2008_006818txt,19
926,train/2008_007011.jpg,train/2008_007011txt,19
927,train/2008_007201.jpg,train/2008_007201txt,19
928,train/2008_007231.jpg,train/2008_007231txt,19
929,train/2008_007247.jpg,train/2008_007247txt,19
930,train/2008_007280.jpg,train/2008_007280txt,19
931,train/2008_007521.jpg,train/2008_007521txt,19
932,train/2008_007759.jpg,train/2008_007759txt,19
933,train/2008_007779.jpg,train/2008_007779txt,19
934,train/2008_008001.jpg,train/2008_008001txt,19
935,train/2008_008020.jpg,train/2008_008020txt,19
936,train/2008_008123.jpg,train/2008_008123txt,19
937,train/2008_008152.jpg,train/2008_008152txt,19
938,train/2008_008200.jpg,train/2008_008200txt,19
939,train/2008_008203.jpg,train/2008_008203txt,19
940,train/2008_008223.jpg,train/2008_008223txt,19
941,train/2008_008321.jpg,train/2008_008321txt,19
942,train/2008_008527.jpg,train/2008_008527txt,19
943,train/2008_008545.jpg,train/2008_008545txt,19
944,train/2008_008583.jpg,train/2008_008583txt,19
945,train/2008_008618.jpg,train/2008_008618txt,19
946,train/2008_008632.jpg,train/2008_008632txt,19
947,train/2008_008662.jpg,train/2008_008662txt,19
948,train/2008_008739.jpg,train/2008_008739txt,19
949,train/2008_008751.jpg,train/2008_008751txt,19
950,tvmonitor/2008_000305.jpg,tvmonitor/2008_000305txt,20
951,tvmonitor/2008_001021.jpg,tvmonitor/2008_001021txt,20
952,tvmonitor/2008_001461.jpg,tvmonitor/2008_001461txt,20
953,tvmonitor/2008_001641.jpg,tvmonitor/2008_001641txt,20
954,tvmonitor/2008_001688.jpg,tvmonitor/2008_001688txt,20
955,tvmonitor/2008_001704.jpg,tvmonitor/2008_001704txt,20
956,tvmonitor/2008_001772.jpg,tvmonitor/2008_001772txt,20
957,tvmonitor/2008_001920.jpg,tvmonitor/2008_001920txt,20
958,tvmonitor/2008_002066.jpg,tvmonitor/2008_002066txt,20
959,tvmonitor/2008_002328.jpg,tvmonitor/2008_002328txt,20
960,tvmonitor/2008_002547.jpg,tvmonitor/2008_002547txt,20
961,tvmonitor/2008_002817.jpg,tvmonitor/2008_002817txt,20
962,tvmonitor/2008_003037.jpg,tvmonitor/2008_003037txt,20
963,tvmonitor/2008_003466.jpg,tvmonitor/2008_003466txt,20
964,tvmonitor/2008_003609.jpg,tvmonitor/2008_003609txt,20
965,tvmonitor/2008_003995.jpg,tvmonitor/2008_003995txt,20
966,tvmonitor/2008_004004.jpg,tvmonitor/2008_004004txt,20
967,tvmonitor/2008_004008.jpg,tvmonitor/2008_004008txt,20
968,tvmonitor/2008_004097.jpg,tvmonitor/2008_004097txt,20
969,tvmonitor/2008_004301.jpg,tvmonitor/2008_004301txt,20
970,tvmonitor/2008_004501.jpg,tvmonitor/2008_004501txt,20
971,tvmonitor/2008_004506.jpg,tvmonitor/2008_004506txt,20
972,tvmonitor/2008_004550.jpg,tvmonitor/2008_004550txt,20
973,tvmonitor/2008_004665.jpg,tvmonitor/2008_004665txt,20
974,tvmonitor/2008_004908.jpg,tvmonitor/2008_004908txt,20
975,tvmonitor/2008_004910.jpg,tvmonitor/2008_004910txt,20
976,tvmonitor/2008_004930.jpg,tvmonitor/2008_004930txt,20
977,tvmonitor/2008_005008.jpg,tvmonitor/2008_005008txt,20
978,tvmonitor/2008_005094.jpg,tvmonitor/2008_005094txt,20
979,tvmonitor/2008_005231.jpg,tvmonitor/2008_005231txt,20
980,tvmonitor/2008_005254.jpg,tvmonitor/2008_005254txt,20
981,tvmonitor/2008_005329.jpg,tvmonitor/2008_005329txt,20
982,tvmonitor/2008_005625.jpg,tvmonitor/2008_005625txt,20
983,tvmonitor/2008_005639.jpg,tvmonitor/2008_005639txt,20
984,tvmonitor/2008_005660.jpg,tvmonitor/2008_005660txt,20
985,tvmonitor/2008_005817.jpg,tvmonitor/2008_005817txt,20
986,tvmonitor/2008_006136.jpg,tvmonitor/2008_006136txt,20
987,tvmonitor/2008_006159.jpg,tvmonitor/2008_006159txt,20
988,tvmonitor/2008_006624.jpg,tvmonitor/2008_006624txt,20
989,tvmonitor/2008_006887.jpg,tvmonitor/2008_006887txt,20
990,tvmonitor/2008_006948.jpg,tvmonitor/2008_006948txt,20
991,tvmonitor/2008_007196.jpg,tvmonitor/2008_007196txt,20
992,tvmonitor/2008_007282.jpg,tvmonitor/2008_007282txt,20
993,tvmonitor/2008_007332.jpg,tvmonitor/2008_007332txt,20
994,tvmonitor/2008_007446.jpg,tvmonitor/2008_007446txt,20
995,tvmonitor/2008_007916.jpg,tvmonitor/2008_007916txt,20
996,tvmonitor/2008_007987.jpg,tvmonitor/2008_007987txt,20
997,tvmonitor/2008_008269.jpg,tvmonitor/2008_008269txt,20
998,tvmonitor/2008_008439.jpg,tvmonitor/2008_008439txt,20
999,tvmonitor/2008_008524.jpg,tvmonitor/2008_008524txt,20
